{
    "mse": 0.004044403671287,
    "mae": 0.03993253516299384,
    "psnr": 24.39035279410226,
    "ssim": 0.7970331694398608
}