{
    "train_loss": [
        0.4183692716725982,
        0.34772253479107773,
        0.3067139528765537,
        0.2800497085151106,
        0.258428162277335,
        0.23884379450637516,
        0.2193818332830278,
        0.20319243645904086,
        0.18693055787889085,
        0.17305284694279774,
        0.1574812255578466,
        0.14251732125435726,
        0.12927904570161705,
        0.11802803540583884,
        0.10819746885854419,
        0.100581990093878,
        0.09448152205141463,
        0.08969241867561152,
        0.08585556087517503,
        0.08285132780818656,
        0.08117551268032282,
        0.07929564193628802,
        0.07754407321462536,
        0.07762581803420983,
        0.07749389174698602,
        0.07590183405445354,
        0.07644876398810066,
        0.07574346056669065,
        0.07576908174865317,
        0.07577967828158105,
        0.07532255513833301,
        0.07526955790448897,
        0.0747564323246479,
        0.0747403790897662,
        0.0744935711569125,
        0.07407344726495224,
        0.07412614809847114,
        0.07290450387662,
        0.07290991163342306,
        0.07278255539217798,
        0.07242763573580449,
        0.07202429066200068,
        0.0716973961801222,
        0.07190914367242615,
        0.0712732123118816,
        0.07107717779898408,
        0.07032464407753236,
        0.07041515679200097,
        0.07099707398821811,
        0.07097441068675259
    ],
    "val_loss": [
        0.25088343482751113,
        0.16358309181836936,
        0.10331480835492794,
        0.08070455835415767,
        0.07694917401442161,
        0.0769201391018354,
        0.07387602243285912,
        0.07326222956180573,
        0.070008013684016,
        0.07636101543903351
    ],
    "val_mse": [
        0.04342117103246542,
        0.015576782994545423,
        0.0068197352811694145,
        0.004287161022567978,
        0.004110031134377305,
        0.0038714186073495792,
        0.003705738219790734,
        0.0035683099323740373,
        0.0032948899584320877,
        0.00428678453541719
    ],
    "val_mae": [
        0.18782783242372367,
        0.10701354994223668,
        0.0595675388780924,
        0.04406451519865256,
        0.042016701629528634,
        0.04129131682790243,
        0.04041082870501738,
        0.03946668797960648,
        0.03766040418010492,
        0.04196526797918173
    ],
    "val_psnr": [
        13.64596834549537,
        18.10956148000864,
        21.844231348771316,
        23.793858931614803,
        23.97880902657142,
        24.224341282477745,
        24.433470505934494,
        24.581755491403435,
        24.943967232337364,
        23.803177796877346
    ],
    "val_ssim": [
        0.4968941784822024,
        0.6101387601632339,
        0.72169612462704,
        0.7727352747550378,
        0.7833209450428302,
        0.7805645786798917,
        0.7922632098197937,
        0.7915556109868563,
        0.8006015511659476,
        0.7860560050377479
    ]
}